<?xml version="1.0" encoding="UTF-8"?>
<!--********** Copyright 2020 Roku Corp.  All Rights Reserved. **********-->

<component name="GridScreen" extends="Group"  initialFocus="RowList">
    <script type="text/brightscript" uri="GridScreen.brs" />
    <script type="text/brightscript" uri="pkg:/source/utils.brs" />
	<interface>
        <!-- Specifies the content for the Grid -->
        <field id="content" type="node" alias="RowList.content" />
        <field id="rowItemSelected" type="intarray" alwaysnotify="true" alias="RowList.rowItemSelected" />
        <field id="jumpToRowItem" type="intarray" alias="RowList.jumpToRowItem" />
    </interface>
    <children>
        <Poster
            id="backgroundImage"
            width="1280"
            height="720"
            loadWidth="1280"
            loadHeight="720"
            uri=""
            loadDisplayMode="scaleToFit"
            translation="[0,0]"
        />
        <!-- Shade overlay -->
        <Rectangle
            id="shadeOverlay"
            width="1280"
            height="720"
            color="0x0000007F"  
            translation="[0,0]"
        />
         <!-- Label with title and length of content -->
         <Label
	        id="titleLabel"
	        width="800"
			translation="[90,110]"
            font="font:ExtraLargeBoldSystemFont"
	    />
        <!-- Label with description of content.
	         wrap="true" and numLines="3" means that the text can be broken into three lines -->
        <Label
	        id="descriptionLabel"
	        wrap="true"
	        width="900"
	        numLines="2"
			font = "font:MediumBoldSystemFont" 
            translation="[100,170]"
	    />
        <RowList
            itemComponentName="RowListItemComponent"
            id="rowList"
            translation="[60,240]"
            numRows="3"
            rowitemSize="[[320,180]]"
            rowItemSpacing="[[20,0]]"
            itemSize="[1100,270]"
            rowLabelOffset="[[50,20]]"
            focusXOffset="[50]"
            showRowLabel="[true]"
            rowFocusAnimationStyle="floatingfocus"
        />
    </children>
</component>
